Metric,2021,2022,2023
Revenue,365817000000,394328000000,383285000000
Cost of Goods Sold,212981000000,223546000000,214137000000
Gross Profit,152836000000,170782000000,169148000000
Operating Expenses,43912000000,51345000000,54847000000
Operating Income,108949000000,119437000000,114301000000
EBITDA,120233000000,130541000000,125820000000
Interest Expense,2645000000,2830000000,3933000000
Income Before Tax,109207000000,119103000000,113736000000
Income Tax,14527000000,19300000000,29749000000
Net Income,94680000000,99803000000,96995000000
Cash and Cash Equivalents,34940000000,23646000000,29965000000
Accounts Receivable,26278000000,28184000000,29508000000
Inventory,6580000000,4946000000,6331000000
Total Current Assets,134836000000,135405000000,143566000000
Total Assets,351002000000,352755000000,352583000000
Accounts Payable,54763000000,64115000000,62611000000
Short-Term Debt,9613000000,11128000000,9822000000
Total Current Liabilities,125481000000,153982000000,145308000000
Long-Term Debt,109106000000,98959000000,95281000000
Total Liabilities,287912000000,302083000000,290437000000
Total Equity,63090000000,50672000000,62146000000
Operating Cash Flow,104038000000,122151000000,110543000000
Capital Expenditures,11085000000,10708000000,10959000000
Free Cash Flow,92953000000,111443000000,99584000000
