Metric,2020,2021,2022,2023
Revenue,12500000000,13800000000,14200000000,13650000000
Cost of Goods Sold,9250000000,10280000000,10850000000,10580000000
Gross Profit,3250000000,3520000000,3350000000,3070000000
Operating Expenses,2480000000,2650000000,2890000000,2980000000
Operating Income,770000000,870000000,460000000,90000000
EBITDA,1250000000,1380000000,1020000000,680000000
Interest Expense,320000000,310000000,380000000,450000000
Income Before Tax,450000000,560000000,80000000,-360000000
Income Tax,94500000,117600000,16800000,0
Net Income,355500000,442400000,63200000,-360000000
Cash and Cash Equivalents,580000000,620000000,410000000,280000000
Accounts Receivable,980000000,1050000000,1120000000,1280000000
Inventory,2850000000,3120000000,3480000000,3920000000
Total Current Assets,4710000000,5090000000,5310000000,5780000000
Total Assets,18500000000,19800000000,20500000000,21200000000
Accounts Payable,2150000000,2380000000,2520000000,2780000000
Short Term Debt,850000000,920000000,1050000000,1280000000
Total Current Liabilities,4250000000,4680000000,5120000000,5680000000
Long Term Debt,4800000000,5100000000,5600000000,6200000000
Total Liabilities,11800000000,12900000000,14200000000,15800000000
Total Equity,6700000000,6900000000,6300000000,5400000000
Total Debt,5650000000,6020000000,6650000000,7480000000
Operating Cash Flow,980000000,1050000000,520000000,180000000
Capital Expenditures,680000000,720000000,850000000,920000000
Free Cash Flow,300000000,330000000,-330000000,-740000000
Investing Cash Flow,-850000000,-920000000,-1050000000,-1150000000
Financing Cash Flow,-180000000,-210000000,420000000,680000000
Dividends Paid,180000000,180000000,90000000,0
